<?xml version="1.0" encoding="UTF-8"?><module>
   <id>CMM_veggy</id>
   <auto-deploy>true</auto-deploy>
   <configurations>
      
      <!-- Document Library config section -->
      <config condition="DocumentLibrary" evaluator="string-compare" replace="false">
         <types>
            <type name="cm:content">
               <subtype label="Veggy Order" name="veg:veggy_order"/>
            </type>
         </types>
      </config>

      <!-- Form configuration section - type -->
      <config condition="veg:veggy_order" evaluator="node-type">
         <forms>
            <form>
               <field-visibility>
                  <show id="cm:name"/>
                  <show force="true" id="cm:title"/>
                  <show id="veg:order_name"/>
                  <show id="veg:phone"/>
                  <show id="veg:is_urgent"/>
                  <show id="veg:small"/>
                  <show id="veg:medium"/>
                  <show id="veg:big"/>
               </field-visibility>
               <appearance>
                  <set appearance="bordered-panel" id="veg:veggy_order_cmm_set0" label-id="Document "/>
                  <set appearance="bordered-panel" id="veg:veggy_order_cmm_set1" label-id="Order details"/>
                  <set appearance="bordered-panel" id="veg:veggy_order_cmm_set2" label-id="Baskets" template="/org/alfresco/components/form/2-column-set.ftl"/>
                  <field id="cm:title" set="veg:veggy_order_cmm_set0">
                  </field>
                  <field id="veg:small" set="veg:veggy_order_cmm_set2">
                  </field>
                  <field id="veg:phone" set="veg:veggy_order_cmm_set1">
                  </field>
                  <field id="cm:name" set="veg:veggy_order_cmm_set0">
                  </field>
                  <field id="veg:order_name" set="veg:veggy_order_cmm_set1">
                  </field>
                  <field id="veg:is_urgent" set="veg:veggy_order_cmm_set1">
                  </field>
                  <field id="veg:medium" set="veg:veggy_order_cmm_set2">
                  </field>
                  <field id="veg:big" set="veg:veggy_order_cmm_set2">
                  </field>
               </appearance>
            </form>
            
            <!-- Document Library pop-up Edit Metadata form -->
            <form id="doclib-simple-metadata">
               <edit-form template="../documentlibrary/forms/doclib-simple-metadata.ftl"/>
               <field-visibility>
                  <show id="cm:name"/>
                  <show force="true" id="cm:title"/>
                  <show id="veg:order_name"/>
                  <show id="veg:phone"/>
                  <show id="veg:is_urgent"/>
                  <show id="veg:small"/>
                  <show id="veg:medium"/>
                  <show id="veg:big"/>
               </field-visibility>
               <appearance>
                  <set appearance="bordered-panel" id="veg:veggy_order_cmm_set0" label-id="Document "/>
                  <set appearance="bordered-panel" id="veg:veggy_order_cmm_set1" label-id="Order details"/>
                  <set appearance="bordered-panel" id="veg:veggy_order_cmm_set2" label-id="Baskets" template="/org/alfresco/components/form/2-column-set.ftl"/>
                  <field id="cm:title" set="veg:veggy_order_cmm_set0">
                  </field>
                  <field id="veg:small" set="veg:veggy_order_cmm_set2">
                  </field>
                  <field id="veg:phone" set="veg:veggy_order_cmm_set1">
                  </field>
                  <field id="cm:name" set="veg:veggy_order_cmm_set0">
                  </field>
                  <field id="veg:order_name" set="veg:veggy_order_cmm_set1">
                  </field>
                  <field id="veg:is_urgent" set="veg:veggy_order_cmm_set1">
                  </field>
                  <field id="veg:medium" set="veg:veggy_order_cmm_set2">
                  </field>
                  <field id="veg:big" set="veg:veggy_order_cmm_set2">
                  </field>
               </appearance>
            </form>
            
            <!-- Document Library Inline Edit form -->
            <form id="doclib-inline-edit">
               <field-visibility>
                  <show id="cm:name"/>
                  <show force="true" id="cm:content"/>
                  <show force="true" id="cm:title"/>
                  <show force="true" id="cm:description"/>
               </field-visibility>
               <appearance>
                  <field id="cm:name">
                    <control>
                       <control-param name="maxLength">255</control-param>
                    </control>
                  </field>
                  <field id="cm:title">
                     <control template="/org/alfresco/components/form/controls/textfield.ftl"/>
                  </field>
                  <field id="cm:content" label-id="">
                     <control>
                        <control-param name="editorAppearance">explorer</control-param>
                        <control-param name="forceEditor">true</control-param>
                     </control>
                  </field>
               </appearance>
            </form>
         </forms>
      </config>
      
      <!-- Form configuration section - aspect -->
      
      <!-- Entity form designer configuration -->
      <config condition="FormDefinition" evaluator="string-compare">
         <form-definition id="veggy_order">[{"elementconfig":{"label":"Document ","appearance":"bordered-panel"},"pseudonym":"cmm/editor/layout/1cols","label":"cmm.form-editor.palette.one-column","type":["layout"],"column":[{"pseudonym":"cmm/editor/property/text","id":"cm:name","elementconfig":{"infoname":"cm:name","infolabel":"Name","infotype":"d:text"},"label":"Name [cm:name]","type":["property"]},{"pseudonym":"cmm/editor/property/text","id":"cm:title","elementconfig":{"infoname":"cm:title","infolabel":"Title","infotype":"d:text","force":true},"label":"Title [cm:title]","type":["property"]}],"alfValidForm":true,"wrapperSettings":{"type":"one"}},{"elementconfig":{"label":"Order details","appearance":"bordered-panel"},"pseudonym":"cmm/editor/layout/1cols","label":"cmm.form-editor.palette.one-column","type":["layout"],"alfValidForm":true,"wrapperSettings":{"type":"one"},"column":[{"pseudonym":"cmm/editor/property/text","id":"veg:order_name","elementconfig":{"infoname":"order_name","infolabel":"Order Name","infotype":"d:text"},"label":"Order Name [order_name]","type":["property"]},{"pseudonym":"cmm/editor/property/text","id":"veg:phone","elementconfig":{"infoname":"phone","infolabel":"Phone","infotype":"d:text"},"label":"Phone [phone]","type":["property"]},{"pseudonym":"cmm/editor/property/boolean","id":"veg:is_urgent","elementconfig":{"infoname":"is_urgent","infolabel":"Urgent","infotype":"d:boolean"},"label":"Urgent [is_urgent]","type":["property"]}]},{"elementconfig":{"label":"Baskets","appearance":"bordered-panel"},"pseudonym":"cmm/editor/layout/2cols","label":"cmm.form-editor.palette.two-column","type":["layout"],"alfValidForm":true,"wrapperSettings":{"type":"two"},"column":[{"pseudonym":"cmm/editor/property/text","id":"veg:small","elementconfig":{"infoname":"small","infolabel":"Small Baskets Units","infotype":"d:text"},"label":"Small Baskets Units [small]","type":["property"]},{"pseudonym":"cmm/editor/property/text","id":"veg:medium","elementconfig":{"infoname":"medium","infolabel":"Medium Baskets Units","infotype":"d:text"},"label":"Medium Baskets Units [medium]","type":["property"]},{"pseudonym":"cmm/editor/property/text","id":"veg:big","elementconfig":{"infoname":"big","infolabel":"Big Baskets Units","infotype":"d:text"},"label":"Big Baskets Units [big]","type":["property"]}]}]</form-definition>
      </config>

   </configurations>
</module>
