<?xml version='1.0' encoding='UTF-8'?>
<definitions xmlns="http://www.omg.org/spec/BPMN/20100524/MODEL" xmlns:xsi="http://www.w3.org/2001/XMLSchema-instance" xmlns:xsd="http://www.w3.org/2001/XMLSchema" xmlns:activiti="http://activiti.org/bpmn" xmlns:bpmndi="http://www.omg.org/spec/BPMN/20100524/DI" xmlns:omgdc="http://www.omg.org/spec/DD/20100524/DC" xmlns:omgdi="http://www.omg.org/spec/DD/20100524/DI" typeLanguage="http://www.w3.org/2001/XMLSchema" expressionLanguage="http://www.w3.org/1999/XPath" targetNamespace="http://www.activiti.org/processdef" xmlns:modeler="http://activiti.com/modeler" modeler:version="1.0en" modeler:exportDateTime="20180119123129041" modeler:modelId="1001" modeler:modelVersion="14" modeler:modelLastUpdated="1516355009093">
  <process id="veggy-orders" name="veggy-orders" isExecutable="true">
    <documentation>Veggy orders from veggy customers</documentation>
    <startEvent id="startEvent1" activiti:formKey="1002">
      <extensionElements>
        <modeler:form-reference-id><![CDATA[1002]]></modeler:form-reference-id>
        <modeler:form-reference-name><![CDATA[veggy-order]]></modeler:form-reference-name>
        <modeler:editor-resource-id><![CDATA[startEvent1]]></modeler:editor-resource-id>
      </extensionElements>
    </startEvent>
    <serviceTask id="sid-015F7585-91D4-4E27-B421-9476CEAAB34F" name="Generate Order" activiti:async="true" activiti:delegateExpression="${activiti_generateDocumentDelegate}">
      <extensionElements>
        <activiti:field name="outputFormat">
          <activiti:string><![CDATA[pdf]]></activiti:string>
        </activiti:field>
        <activiti:field name="templateId">
          <activiti:string><![CDATA[1]]></activiti:string>
        </activiti:field>
        <activiti:field name="templateName">
          <activiti:string><![CDATA[veggy_order.docx]]></activiti:string>
        </activiti:field>
        <activiti:field name="fileName">
          <activiti:string><![CDATA[the_order]]></activiti:string>
        </activiti:field>
        <activiti:field name="variableName">
          <activiti:string><![CDATA[order_doc]]></activiti:string>
        </activiti:field>
        <modeler:executionvariables modeler:variableName="order_doc" modeler:variableType="document"/>
        <modeler:editor-resource-id><![CDATA[sid-015F7585-91D4-4E27-B421-9476CEAAB34F]]></modeler:editor-resource-id>
      </extensionElements>
    </serviceTask>
    <sequenceFlow id="sid-ADBA0AEB-8CE2-47B6-B893-F9B9E1C91BEF" sourceRef="startEvent1" targetRef="sid-015F7585-91D4-4E27-B421-9476CEAAB34F">
      <extensionElements>
        <modeler:editor-resource-id><![CDATA[sid-ADBA0AEB-8CE2-47B6-B893-F9B9E1C91BEF]]></modeler:editor-resource-id>
      </extensionElements>
    </sequenceFlow>
    <serviceTask id="sid-96DEF4CB-4CB6-453E-88F3-19CFDA675518" name="Store in ACS" activiti:async="true" activiti:delegateExpression="${activiti_publishAlfrescoDelegate}">
      <extensionElements>
        <activiti:field name="contentSource">
          <activiti:string><![CDATA[field]]></activiti:string>
        </activiti:field>
        <activiti:field name="metaDataMapping">
          <activiti:string><![CDATA[[{"fileProperty":"veg:order_name","propertyType":"string","propertyValueType":"field","formField":{"id":"order_name","name":"Order Name","type":"text"}},{"fileProperty":"veg:phone","propertyType":"string","propertyValueType":"field","formField":{"id":"phone","name":"Phone","type":"text"}},{"fileProperty":"veg:small","propertyType":"string","propertyValueType":"field","formField":{"id":"small","name":"Mixed Veggy Basket Small (5kg) - id","type":"dropdown"}},{"fileProperty":"veg:medium","propertyType":"string","propertyValueType":"field","formField":{"id":"medium","name":"Mixed Veggy Basket Medium (10kg) - id","type":"dropdown"}},{"fileProperty":"veg:big","propertyType":"string","propertyValueType":"field","formField":{"id":"big","name":"Mixed Veggy Basket Big (15kg) - id","type":"dropdown"}},{"fileProperty":"veg:is_urgent","propertyType":"boolean","propertyValueType":"field","formField":{"id":"is_urgent","name":"Urgent","type":"boolean"}}]]]></activiti:string>
        </activiti:field>
        <activiti:field name="documentType">
          <activiti:string><![CDATA[veg:veggy_order]]></activiti:string>
        </activiti:field>
        <activiti:field name="documentAspects">
          <activiti:string><![CDATA[[{"aspectName":"cm:titled"}]]]></activiti:string>
        </activiti:field>
        <activiti:field name="account">
          <activiti:string><![CDATA[alfresco-1-alfresco-1]]></activiti:string>
        </activiti:field>
        <activiti:field name="site">
          <activiti:string><![CDATA[veggy-orders]]></activiti:string>
        </activiti:field>
        <activiti:field name="accountUserId">
          <activiti:string><![CDATA[2]]></activiti:string>
        </activiti:field>
        <activiti:field name="publishAsType">
          <activiti:string><![CDATA[user]]></activiti:string>
        </activiti:field>
        <activiti:field name="path">
          <activiti:string><![CDATA[9b7c2eb0-a8c5-4eaa-b1bd-c2ab62675d79]]></activiti:string>
        </activiti:field>
        <activiti:field name="createFolder">
          <activiti:expression><![CDATA[${order_name}]]></activiti:expression>
        </activiti:field>
        <activiti:field name="contentContainer">
          <activiti:string><![CDATA[order_doc]]></activiti:string>
        </activiti:field>
        <modeler:publish-task-type><![CDATA[alfresco]]></modeler:publish-task-type>
        <modeler:user-email><![CDATA[demo@example.com]]></modeler:user-email>
        <modeler:user-external-id><![CDATA[demo]]></modeler:user-external-id>
        <modeler:username><![CDATA[Demo User]]></modeler:username>
        <modeler:site_title><![CDATA[Veggy Orders]]></modeler:site_title>
        <modeler:path_title><![CDATA[documentLibrary > New Orders]]></modeler:path_title>
        <modeler:editor-resource-id><![CDATA[sid-96DEF4CB-4CB6-453E-88F3-19CFDA675518]]></modeler:editor-resource-id>
      </extensionElements>
    </serviceTask>
    <sequenceFlow id="sid-FB11BB62-2BE9-4FD8-8CD9-BE84C916BA2B" sourceRef="sid-015F7585-91D4-4E27-B421-9476CEAAB34F" targetRef="sid-96DEF4CB-4CB6-453E-88F3-19CFDA675518">
      <extensionElements>
        <modeler:editor-resource-id><![CDATA[sid-FB11BB62-2BE9-4FD8-8CD9-BE84C916BA2B]]></modeler:editor-resource-id>
      </extensionElements>
    </sequenceFlow>
    <endEvent id="sid-3E817990-4E50-4208-B5A0-44D34EB452E0">
      <extensionElements>
        <modeler:editor-resource-id><![CDATA[sid-3E817990-4E50-4208-B5A0-44D34EB452E0]]></modeler:editor-resource-id>
      </extensionElements>
    </endEvent>
    <sequenceFlow id="sid-72965DDA-A64C-488F-9B29-83072334090D" sourceRef="sid-96DEF4CB-4CB6-453E-88F3-19CFDA675518" targetRef="sid-3E817990-4E50-4208-B5A0-44D34EB452E0">
      <extensionElements>
        <modeler:editor-resource-id><![CDATA[sid-72965DDA-A64C-488F-9B29-83072334090D]]></modeler:editor-resource-id>
      </extensionElements>
    </sequenceFlow>
  </process>
  <bpmndi:BPMNDiagram id="BPMNDiagram_veggy-orders">
    <bpmndi:BPMNPlane bpmnElement="veggy-orders" id="BPMNPlane_veggy-orders">
      <bpmndi:BPMNShape bpmnElement="startEvent1" id="BPMNShape_startEvent1">
        <omgdc:Bounds height="30.0" width="30.0" x="100.0" y="163.0"/>
      </bpmndi:BPMNShape>
      <bpmndi:BPMNShape bpmnElement="sid-015F7585-91D4-4E27-B421-9476CEAAB34F" id="BPMNShape_sid-015F7585-91D4-4E27-B421-9476CEAAB34F">
        <omgdc:Bounds height="80.0" width="100.0" x="210.0" y="138.0"/>
      </bpmndi:BPMNShape>
      <bpmndi:BPMNShape bpmnElement="sid-96DEF4CB-4CB6-453E-88F3-19CFDA675518" id="BPMNShape_sid-96DEF4CB-4CB6-453E-88F3-19CFDA675518">
        <omgdc:Bounds height="80.16748387100003" width="100.24219354799993" x="420.0" y="137.9162580645"/>
      </bpmndi:BPMNShape>
      <bpmndi:BPMNShape bpmnElement="sid-3E817990-4E50-4208-B5A0-44D34EB452E0" id="BPMNShape_sid-3E817990-4E50-4208-B5A0-44D34EB452E0">
        <omgdc:Bounds height="28.0" width="28.0" x="615.0" y="164.0"/>
      </bpmndi:BPMNShape>
      <bpmndi:BPMNEdge bpmnElement="sid-ADBA0AEB-8CE2-47B6-B893-F9B9E1C91BEF" id="BPMNEdge_sid-ADBA0AEB-8CE2-47B6-B893-F9B9E1C91BEF">
        <omgdi:waypoint x="130.0" y="178.0"/>
        <omgdi:waypoint x="210.0" y="178.0"/>
      </bpmndi:BPMNEdge>
      <bpmndi:BPMNEdge bpmnElement="sid-FB11BB62-2BE9-4FD8-8CD9-BE84C916BA2B" id="BPMNEdge_sid-FB11BB62-2BE9-4FD8-8CD9-BE84C916BA2B">
        <omgdi:waypoint x="310.0" y="178.0"/>
        <omgdi:waypoint x="420.0" y="178.00000000000003"/>
      </bpmndi:BPMNEdge>
      <bpmndi:BPMNEdge bpmnElement="sid-72965DDA-A64C-488F-9B29-83072334090D" id="BPMNEdge_sid-72965DDA-A64C-488F-9B29-83072334090D">
        <omgdi:waypoint x="520.2421935479999" y="178.0573678196781"/>
        <omgdi:waypoint x="615.0000019476628" y="178.00738475140278"/>
      </bpmndi:BPMNEdge>
    </bpmndi:BPMNPlane>
  </bpmndi:BPMNDiagram>
</definitions>