{"resourceId":1001,"properties":{"process_id":"veggy-orders","name":"veggy-orders","documentation":"Veggy orders from veggy customers","process_author":"","process_version":"","process_namespace":"http://www.activiti.org/processdef","executionlisteners":"","eventlisteners":"","signaldefinitions":"","messagedefinitions":"","executionvariables":"","metadata":""},"stencil":{"id":"BPMNDiagram"},"childShapes":[{"resourceId":"startEvent1","properties":{"overrideid":"","name":"","documentation":"","executionlisteners":"","initiator":"","formkeydefinition":"","formreference":{"id":1002,"name":"veggy-order","referenceId":1001},"fieldstovariables":"","formproperties":""},"stencil":{"id":"StartNoneEvent"},"childShapes":[],"outgoing":[{"resourceId":"sid-ADBA0AEB-8CE2-47B6-B893-F9B9E1C91BEF"}],"bounds":{"lowerRight":{"x":130,"y":193},"upperLeft":{"x":100,"y":163}},"dockers":[]},{"resourceId":"sid-015F7585-91D4-4E27-B421-9476CEAAB34F","properties":{"overrideid":"","name":"Generate Order","documentation":"","generatedocumenttemplate":{"id":1,"name":"veggy_order.docx"},"generatedocumenttaskoutputformat":"","executionvariable_document":{"variableName":"order_doc","variableType":"document"},"generatedocumentfilename":"the_order"},"stencil":{"id":"GenerateDocumentTask"},"childShapes":[],"outgoing":[{"resourceId":"sid-FB11BB62-2BE9-4FD8-8CD9-BE84C916BA2B"}],"bounds":{"lowerRight":{"x":310,"y":218},"upperLeft":{"x":210,"y":138}},"dockers":[]},{"resourceId":"sid-ADBA0AEB-8CE2-47B6-B893-F9B9E1C91BEF","properties":{"overrideid":"","name":"","documentation":"","conditionsequenceflow":"","executionlisteners":"","defaultflow":"false"},"stencil":{"id":"SequenceFlow"},"childShapes":[],"outgoing":[{"resourceId":"sid-015F7585-91D4-4E27-B421-9476CEAAB34F"}],"bounds":{"lowerRight":{"x":209.15625,"y":178},"upperLeft":{"x":130.7265625,"y":178}},"dockers":[{"x":15,"y":15},{"x":50,"y":40}],"target":{"resourceId":"sid-015F7585-91D4-4E27-B421-9476CEAAB34F"}},{"resourceId":"sid-96DEF4CB-4CB6-453E-88F3-19CFDA675518","properties":{"overrideid":"","name":"Store in ACS","documentation":"","alfresco_cloud_content":{"source":"field","field":"order_doc","metaDataColumnDefinitions":[{"fileProperty":"veg:order_name","propertyType":"string","propertyValueType":"field","formField":{"id":"order_name","name":"Order Name","type":"text"}},{"fileProperty":"veg:phone","propertyType":"string","propertyValueType":"field","formField":{"id":"phone","name":"Phone","type":"text"}},{"fileProperty":"veg:small","propertyType":"string","propertyValueType":"field","formField":{"id":"small","name":"Mixed Veggy Basket Small (5kg) - id","type":"dropdown"}},{"fileProperty":"veg:medium","propertyType":"string","propertyValueType":"field","formField":{"id":"medium","name":"Mixed Veggy Basket Medium (10kg) - id","type":"dropdown"}},{"fileProperty":"veg:big","propertyType":"string","propertyValueType":"field","formField":{"id":"big","name":"Mixed Veggy Basket Big (15kg) - id","type":"dropdown"}},{"fileProperty":"veg:is_urgent","propertyType":"boolean","propertyValueType":"field","formField":{"id":"is_urgent","name":"Urgent","type":"boolean"}}],"documentAspects":[{"aspectName":"cm:titled"}],"documentType":"veg:veggy_order"},"alfresco_cloud_destination":{"account":"alfresco-1-alfresco-1","site":"veggy-orders","path":"9b7c2eb0-a8c5-4eaa-b1bd-c2ab62675d79","user":2,"email":"demo@example.com","externalId":"demo","path_title":"documentLibrary > New Orders","site_title":"Veggy Orders","username":"Demo User","publish_as_type":"user","folder":"order_name"}},"stencil":{"id":"PublishToAlfrescoCloudTask"},"childShapes":[],"outgoing":[{"resourceId":"sid-72965DDA-A64C-488F-9B29-83072334090D"}],"bounds":{"lowerRight":{"x":520.2421935479999,"y":218.08374193550003},"upperLeft":{"x":420,"y":137.9162580645}},"dockers":[]},{"resourceId":"sid-FB11BB62-2BE9-4FD8-8CD9-BE84C916BA2B","properties":{"overrideid":"","name":"","documentation":"","conditionsequenceflow":"","executionlisteners":"","defaultflow":"false"},"stencil":{"id":"SequenceFlow"},"childShapes":[],"outgoing":[{"resourceId":"sid-96DEF4CB-4CB6-453E-88F3-19CFDA675518"}],"bounds":{"lowerRight":{"x":419.87396471759376,"y":178},"upperLeft":{"x":310.2471320564062,"y":178}},"dockers":[{"x":50,"y":40},{"x":50.121096773999966,"y":40.08374193550002}],"target":{"resourceId":"sid-96DEF4CB-4CB6-453E-88F3-19CFDA675518"}},{"resourceId":"sid-3E817990-4E50-4208-B5A0-44D34EB452E0","properties":{"overrideid":"","name":"","documentation":"","executionlisteners":""},"stencil":{"id":"EndNoneEvent"},"childShapes":[],"outgoing":[],"bounds":{"lowerRight":{"x":643,"y":192},"upperLeft":{"x":615,"y":164}},"dockers":[]},{"resourceId":"sid-72965DDA-A64C-488F-9B29-83072334090D","properties":{"overrideid":"","name":"","documentation":"","conditionsequenceflow":"","executionlisteners":"","defaultflow":"false"},"stencil":{"id":"SequenceFlow"},"childShapes":[],"outgoing":[{"resourceId":"sid-3E817990-4E50-4208-B5A0-44D34EB452E0"}],"bounds":{"lowerRight":{"x":614.35675114715,"y":178.0570450984132},"upperLeft":{"x":520.8540079251312,"y":178.00772405482508}},"dockers":[{"x":50.242193547999996,"y":40.16748387100002},{"x":14,"y":14}],"target":{"resourceId":"sid-3E817990-4E50-4208-B5A0-44D34EB452E0"}}],"bounds":{"lowerRight":{"x":1200,"y":1050},"upperLeft":{"x":0,"y":0}},"stencilset":{"url":"stencilsets/bpmn2.0/bpmn2.0.json","namespace":"http://b3mn.org/stencilset/bpmn2.0#"},"ssextensions":[]}